# nodes, parent, x, y, z
8, ,199.85313174946003,95.11231101511879,643.6371490280777
14, 8,214.94767441860466,129.95542635658916,673.7558139534884
10, 14,211.54453441295547,173.3144399460189,698.104588394062
